pdb_id,predicted_temperature,aa_ALA,aa_ARG,aa_ARG_ratio,aa_ASN,aa_ASP,aa_ASP_ratio,aa_CYS,aa_GLN,aa_GLU,aa_GLU_ratio,aa_GLY,aa_HIS,aa_HIS_ratio,aa_ILE,aa_LEU,aa_LYS,aa_LYS_ratio,aa_MET,aa_PHE,aa_PRO,aa_SER,aa_THR,aa_TRP,aa_TYR,aa_VAL,aromatic_interactions,compactness_index,core_residue_ratio,dense_hbond_network,disulfide_bonds,glycine_content,helix,helix_ratio,helix_sheet_ratio,hydrogen_bonds,hydrophobic_contacts,hydrophobic_content,hydrophobic_core_density,hydrophobic_sasa,ion_network_connectivity,ion_pair_density,ivywrel_index,loop,mean_sasa,polar_content,proline_content,salt_bridges,sheet,sheet_ratio,surface_charge_ratio,surface_polar_ratio,surface_volume_ratio,sequence,optimal_temperature
AAD094393,45.57470578624529,0.1029023746701846,0.050131926121372,0.050131926121372,0.0422163588390501,0.0738786279683377,0.0738786279683377,0.0026385224274406,0.0316622691292876,0.0580474934036939,0.0580474934036939,0.0659630606860158,0.0316622691292876,0.0316622691292876,0.0580474934036939,0.100263852242744,0.0817941952506596,0.0817941952506596,0.0290237467018469,0.0422163588390501,0.0369393139841688,0.0422163588390501,0.050131926121372,0.0237467018469656,0.0316622691292876,0.0448548812664907,7.947229551451187,0.5910290237467019,0.0,0.2005277044854881,0,0.0659630606860158,0.4802110817941952,0.4802110817941952,4.333333333333333,44,75906,0.4379947229551451,0.0,4465.187471994951,12.732121212121212,27.71503957783641,0.366754617414248,0.4089709762532981,26.89871971081296,0.1978891820580474,0.0369393139841688,1828,0.1108179419525065,0.1108179419525065,0.2638522427440633,0.6030075187969924,0.4194237457145916,,
ADQ574112,97.07660833087026,0.0435835351089588,0.0387409200968523,0.0387409200968523,0.0556900726392251,0.0581113801452784,0.0581113801452784,0.0169491525423728,0.0145278450363196,0.0944309927360774,0.0944309927360774,0.0581113801452784,0.0338983050847457,0.0338983050847457,0.0847457627118644,0.099273607748184,0.0847457627118644,0.0847457627118644,0.0169491525423728,0.0532687651331719,0.0460048426150121,0.0460048426150121,0.0508474576271186,0.0290556900726392,0.0242130750605326,0.0508474576271186,11.20096852300242,0.602905569007264,0.0,0.1598062953995157,0,0.0581113801452784,0.3825665859564164,0.3825665859564164,1.7362637362637363,43,86620,0.423728813559322,0.0,4684.808687151412,11.794734013970984,26.573849878934624,0.4213075060532688,0.397094430992736,26.770335355150927,0.1912832929782082,0.0460048426150121,2094,0.2203389830508474,0.2203389830508474,0.2760290556900726,0.5986754966887418,0.4444517792996426,,
AGC546852,46.25200918888857,0.0884520884520884,0.054054054054054,0.054054054054054,0.0638820638820638,0.0638820638820638,0.0638820638820638,0.0122850122850122,0.0589680589680589,0.0589680589680589,0.0589680589680589,0.054054054054054,0.0221130221130221,0.0221130221130221,0.0515970515970515,0.0491400491400491,0.0687960687960688,0.0687960687960688,0.0393120393120393,0.0466830466830466,0.0663390663390663,0.0491400491400491,0.0245700245700245,0.0171990171990172,0.0466830466830466,0.0638820638820638,6.648648648648648,0.4766584766584766,0.0,0.2186732186732186,0,0.054054054054054,0.3882063882063882,0.3882063882063882,4.388888888888889,56,68398,0.4226044226044226,0.0,7901.675835942293,10.512645249487354,18.89434889434889,0.3415233415233415,0.5233415233415234,45.93997579036217,0.2432432432432432,0.0663390663390663,1274,0.0884520884520884,0.0884520884520884,0.2457002457002457,0.6101231190150479,0.2631740072605108,,
AKP076341,94.48666465899451,0.0705307262569832,0.0181564245810055,0.0181564245810055,0.0886871508379888,0.0782122905027933,0.0782122905027933,0.0006983240223463,0.0384078212290502,0.0446927374301676,0.0446927374301676,0.0712290502793296,0.0104748603351955,0.0104748603351955,0.074022346368715,0.0572625698324022,0.0642458100558659,0.0642458100558659,0.0181564245810055,0.0321229050279329,0.0349162011173184,0.0761173184357541,0.0810055865921787,0.0195530726256983,0.0425977653631284,0.0789106145251396,5.925977653631285,0.4832402234636871,0.0,0.2381284916201117,0,0.0712290502793296,0.1801675977653631,0.1801675977653631,0.5944700460829493,226,259540,0.3854748603351955,0.0,13046.963365762667,11.990550437042288,17.722067039106147,0.3351955307262569,0.5167597765363129,23.63580319884541,0.3268156424581006,0.0349162011173184,5004,0.303072625698324,0.303072625698324,0.2074126870990734,0.6456538762725137,0.3491761631787396,,
ARP428871,74.37945087896233,0.0687960687960688,0.0417690417690417,0.0417690417690417,0.0466830466830466,0.0835380835380835,0.0835380835380835,,0.0515970515970515,0.0663390663390663,0.0663390663390663,0.0466830466830466,0.027027027027027,0.027027027027027,0.081081081081081,0.0737100737100737,0.0884520884520884,0.0884520884520884,0.0221130221130221,0.0417690417690417,0.0515970515970515,0.0393120393120393,0.0343980343980344,0.0221130221130221,0.0515970515970515,0.0614250614250614,8.85995085995086,0.5208845208845209,0.0,0.2186732186732186,0,0.0466830466830466,0.4004914004914005,0.4004914004914005,3.326530612244898,49,79198,0.4226044226044226,0.0,6060.5500480312685,11.74453781512605,25.754299754299755,0.398034398034398,0.4791154791154791,35.23575609320505,0.2235872235872235,0.0515970515970515,1888,0.1203931203931203,0.1203931203931203,0.2814814814814815,0.6312925170068027,0.2853284052307706,,
BAA315512,47.016366883018634,0.075075075075075,0.057057057057057,0.057057057057057,0.042042042042042,0.063063063063063,0.063063063063063,,0.042042042042042,0.087087087087087,0.087087087087087,0.048048048048048,0.042042042042042,0.042042042042042,0.057057057057057,0.081081081081081,0.042042042042042,0.042042042042042,0.027027027027027,0.054054054054054,0.036036036036036,0.06006006006006,0.054054054054054,0.027027027027027,0.036036036036036,0.069069069069069,10.94894894894895,0.5735735735735736,0.0,0.2042042042042042,0,0.048048048048048,0.4474474474474474,0.4474474474474474,3.5476190476190474,45,68030,0.4264264264264264,0.0,3106.550223291039,12.63681592039801,26.696696696696694,0.4144144144144144,0.4264264264264264,21.877114248528443,0.2342342342342342,0.036036036036036,1491,0.1261261261261261,0.1261261261261261,0.2492492492492492,0.6290571870170015,0.5688013708614963,,
BAA894652,49.380772486588555,0.0922190201729106,0.0518731988472622,0.0518731988472622,0.0662824207492795,0.0605187319884726,0.0605187319884726,0.0086455331412103,0.0605187319884726,0.0345821325648415,0.0345821325648415,0.0778097982708933,0.0144092219020172,0.0144092219020172,0.0662824207492795,0.1066282420749279,0.0432276657060518,0.0432276657060518,0.0057636887608069,0.0230547550432276,0.0345821325648415,0.069164265129683,0.063400576368876,0.0259365994236311,0.0259365994236311,0.069164265129683,4.07492795389049,0.5590778097982709,0.0,0.2103746397694524,0,0.0778097982708933,0.4322766570605187,0.4322766570605187,3.409090909090909,42,69186,0.4236311239193083,0.0,5088.868207708493,10.396017699115044,13.54178674351585,0.3804034582132565,0.4409221902017291,34.61815107284689,0.2853025936599423,0.0345821325648415,860,0.1268011527377521,0.1268011527377521,0.1902017291066282,0.6152512998266898,0.2703442861571851,,
CAK380671,48.59106455702237,0.1070336391437308,0.0214067278287461,0.0214067278287461,0.055045871559633,0.0581039755351682,0.0581039755351682,0.0061162079510703,0.0336391437308868,0.0397553516819571,0.0397553516819571,0.073394495412844,0.0214067278287461,0.0214067278287461,0.0764525993883792,0.0703363914373088,0.0672782874617737,0.0672782874617737,0.018348623853211,0.0305810397553516,0.0428134556574923,0.0886850152905198,0.0611620795107033,0.0214067278287461,0.0397553516819571,0.0672782874617737,5.847094801223242,0.5474006116207951,0.0,0.2171253822629969,0,0.073394495412844,0.4403669724770642,0.4403669724770642,4.114285714285714,47,63106,0.4342507645259938,0.0,4768.5040203985145,9.929328621908128,12.889908256880734,0.3363914373088685,0.4525993883792049,33.58101422815855,0.2782874617737003,0.0428134556574923,652,0.1070336391437308,0.1070336391437308,0.1865443425076452,0.6048951048951049,0.3966612340271765,,
EPR275742,50.46528233155515,0.0707964601769911,0.0648967551622418,0.0648967551622418,0.0353982300884955,0.0766961651917404,0.0766961651917404,0.0117994100294985,0.0471976401179941,0.0707964601769911,0.0707964601769911,0.0560471976401179,0.0412979351032448,0.0412979351032448,0.0619469026548672,0.0737463126843657,0.0471976401179941,0.0471976401179941,0.0324483775811209,0.0619469026548672,0.0412979351032448,0.0442477876106194,0.0353982300884955,0.0265486725663716,0.0265486725663716,0.0737463126843657,8.837758112094395,0.5339233038348082,0.0,0.1769911504424778,0,0.0560471976401179,0.4218289085545723,0.4218289085545723,3.763157894736842,38,74006,0.4424778761061947,0.0,3683.346056437076,12.310502283105023,27.83480825958702,0.3982300884955752,0.4660766961651917,24.55564037624717,0.1887905604719764,0.0412979351032448,1509,0.1120943952802359,0.1120943952802359,0.2595870206489675,0.5880503144654088,0.5110700574964484,,
